{
    "name": "root",
    "metadata": {
        "timer_format_version": "0.1.0",
        "start_time_seconds": "1737140630",
        "python_version": "3.10.12 (main, Jul  5 2023, 15:02:25) [Clang 14.0.6 ]",
        "command_line_arguments": "/opt/anaconda3/envs/mlagents/bin/mlagents-learn Assets/agent-training-configs/config_v0.yaml --run-id=new_run_4 --train",
        "mlagents_version": "1.1.0",
        "mlagents_envs_version": "1.1.0",
        "communication_protocol_version": "1.5.0",
        "pytorch_version": "2.5.1",
        "numpy_version": "1.23.5",
        "end_time_seconds": "1737140727"
    },
    "total": 96.53040512558073,
    "count": 1,
    "self": 0.003745625726878643,
    "children": {
        "run_training.setup": {
            "total": 0.020169291645288467,
            "count": 1,
            "self": 0.020169291645288467
        },
        "TrainerController.start_learning": {
            "total": 96.50649020820856,
            "count": 1,
            "self": 0.05181661620736122,
            "children": {
                "TrainerController._reset_env": {
                    "total": 12.809992666356266,
                    "count": 1,
                    "self": 12.809992666356266
                },
                "TrainerController.advance": {
                    "total": 83.54780134279281,
                    "count": 8251,
                    "self": 0.051169232465326786,
                    "children": {
                        "env_step": {
                            "total": 80.21370769105852,
                            "count": 8251,
                            "self": 78.56352187972516,
                            "children": {
                                "SubprocessEnvManager._take_step": {
                                    "total": 1.6141354897990823,
                                    "count": 8251,
                                    "self": 0.1285444162786007,
                                    "children": {
                                        "TorchPolicy.evaluate": {
                                            "total": 1.4855910735204816,
                                            "count": 8251,
                                            "self": 1.4855910735204816
                                        }
                                    }
                                },
                                "workers": {
                                    "total": 0.03605032153427601,
                                    "count": 8250,
                                    "self": 0.0,
                                    "children": {
                                        "worker_root": {
                                            "total": 21.78288608416915,
                                            "count": 8250,
                                            "is_parallel": true,
                                            "self": 8.267455476336181,
                                            "children": {
                                                "steps_from_proto": {
                                                    "total": 0.0024404171854257584,
                                                    "count": 1,
                                                    "is_parallel": true,
                                                    "self": 0.00010308437049388885,
                                                    "children": {
                                                        "_process_rank_one_or_two_observation": {
                                                            "total": 0.0023373328149318695,
                                                            "count": 2,
                                                            "is_parallel": true,
                                                            "self": 0.0023373328149318695
                                                        }
                                                    }
                                                },
                                                "UnityEnvironment.step": {
                                                    "total": 13.512990190647542,
                                                    "count": 8250,
                                                    "is_parallel": true,
                                                    "self": 0.16415063571184874,
                                                    "children": {
                                                        "UnityEnvironment._generate_step_input": {
                                                            "total": 0.4043674888089299,
                                                            "count": 8250,
                                                            "is_parallel": true,
                                                            "self": 0.4043674888089299
                                                        },
                                                        "communicator.exchange": {
                                                            "total": 12.510870181955397,
                                                            "count": 8250,
                                                            "is_parallel": true,
                                                            "self": 12.510870181955397
                                                        },
                                                        "steps_from_proto": {
                                                            "total": 0.4336018841713667,
                                                            "count": 8250,
                                                            "is_parallel": true,
                                                            "self": 0.21862396504729986,
                                                            "children": {
                                                                "_process_rank_one_or_two_observation": {
                                                                    "total": 0.21497791912406683,
                                                                    "count": 16500,
                                                                    "is_parallel": true,
                                                                    "self": 0.21497791912406683
                                                                }
                                                            }
                                                        }
                                                    }
                                                }
                                            }
                                        }
                                    }
                                }
                            }
                        },
                        "trainer_advance": {
                            "total": 3.2829244192689657,
                            "count": 8250,
                            "self": 0.05694896727800369,
                            "children": {
                                "process_trajectory": {
                                    "total": 0.20618266239762306,
                                    "count": 8250,
                                    "self": 0.20618266239762306
                                },
                                "_update_policy": {
                                    "total": 3.019792789593339,
                                    "count": 62,
                                    "self": 0.44843551982194185,
                                    "children": {
                                        "TorchPPOOptimizer.update": {
                                            "total": 2.571357269771397,
                                            "count": 2343,