{
    "name": "root",
    "gauges": {
        "Paddle.Policy.Entropy.mean": {
            "value": 0.9582081437110901,
            "min": 0.9582081437110901,
            "max": 1.4134039878845215,
            "count": 50
        },
        "Paddle.Policy.Entropy.sum": {
            "value": 9520.755859375,
            "min": 9512.1162109375,
            "max": 14908.5849609375,
            "count": 50
        },
        "Paddle.Step.mean": {
            "value": 499974.0,
            "min": 9990.0,
            "max": 499974.0,
            "count": 50
        },
        "Paddle.Step.sum": {
            "value": 499974.0,
            "min": 9990.0,
            "max": 499974.0,
            "count": 50
        },
        "Paddle.Policy.ExtrinsicValueEstimate.mean": {
            "value": 0.4497043192386627,
            "min": -0.3131498694419861,
            "max": 0.4497043192386627,
            "count": 50
        },
        "Paddle.Policy.ExtrinsicValueEstimate.sum": {
            "value": 77.3491439819336,
            "min": -64.50887298583984,
            "max": 77.3491439819336,
            "count": 50
        },
        "Paddle.Losses.PolicyLoss.mean": {
            "value": 0.24174473079011793,
            "min": 0.23622467011468923,
            "max": 0.2520195465991744,
            "count": 50
        },
        "Paddle.Losses.PolicyLoss.sum": {
            "value": 16.43864169372802,
            "min": 15.397885895637438,
            "max": 18.649446448338907,
            "count": 50
        },
        "Paddle.Losses.ValueLoss.mean": {
            "value": 0.06475575467676654,
            "min": 0.005434262976725454,
            "max": 0.06475575467676654,
            "count": 50
        },
        "Paddle.Losses.ValueLoss.sum": {
            "value": 4.403391318020125,
            "min": 0.39126693432423265,
            "max": 4.403391318020125,
            "count": 50
        },
        "Paddle.Policy.LearningRate.mean": {
            "value": 3.0626578026764705e-06,
            "min": 3.0626578026764705e-06,
            "max": 0.0002965456773419174,
            "count": 50
        },
        "Paddle.Policy.LearningRate.sum": {
            "value": 0.000208260730582,
            "min": 0.000208260730582,
            "max": 0.0209464244178586,
            "count": 50
        },
        "Paddle.Policy.Epsilon.mean": {
            "value": 0.10102085294117649,
            "min": 0.10102085294117649,
            "max": 0.19884855873015875,
            "count": 50
        },
        "Paddle.Policy.Epsilon.sum": {
            "value": 6.869418000000001,
            "min": 6.869418000000001,
            "max": 14.281677600000002,
            "count": 50
        },
        "Paddle.Policy.Beta.mean": {
            "value": 0.0005,
            "min": 0.0005,
            "max": 0.0005000000000000001,
            "count": 50
        },
        "Paddle.Policy.Beta.sum": {
            "value": 0.034,
            "min": 0.0315,
            "max": 0.038000000000000006,
            "count": 50
        },
        "Paddle.Environment.EpisodeLength.mean": {
            "value": 252.42857142857142,
            "min": 105.25,
            "max": 323.1142857142857,
            "count": 50
        },
        "Paddle.Environment.EpisodeLength.sum": {
            "value": 7068.0,
            "min": 7068.0,
            "max": 11423.0,
            "count": 50
        },
        "Paddle.Environment.CumulativeReward.mean": {
            "value": 1.524285428225994,
            "min": 0.05202236805069313,
            "max": 2.231142497062683,
            "count": 50
        },
        "Paddle.Environment.CumulativeReward.sum": {
            "value": 42.679991990327835,
            "min": 4.629990756511688,
            "max": 78.08998739719391,
            "count": 50
        },
        "Paddle.Policy.ExtrinsicReward.mean": {
            "value": 1.524285428225994,
            "min": 0.05202236805069313,
            "max": 2.231142497062683,
            "count": 50
        },
        "Paddle.Policy.ExtrinsicReward.sum": {
            "value": 42.679991990327835,
            "min": 4.629990756511688,
            "max": 78.08998739719391,
            "count": 50
        },
        "Paddle.IsTraining.mean": {
            "value": 1.0,
            "min": 1.0,
            "max": 1.0,
            "count": 50
        },
        "Paddle.IsTraining.sum": {
            "value": 1.0,
            "min": 1.0,
            "max": 1.0,
            "count": 50
        }
    },
    "metadata": {
        "timer_format_version": "0.1.0",
        "start_time_seconds": "1737505139",
        "python_version": "3.10.12 | packaged by Anaconda, Inc. | (main, Jul  5 2023, 19:01:18) [MSC v.1916 64 bit (AMD64)]",
        "command_line_arguments": "C:\\Users\\caden\\AppData\\Local\\miniconda3\\envs\\mlagents\\Scripts\\mlagents-learn agent-training-configs/config_v0.yaml --run-id=Caden_test_6",
        "mlagents_version": "1.1.0",
        "mlagents_envs_version": "1.1.0",
        "communication_protocol_version": "1.5.0",
        "pytorch_version": "2.2.2+cu121",
        "numpy_version": "1.23.5",
        "end_time_seconds": "1737508198"
    },
    "total": 3059.5708609999856,
    "count": 1,
    "self": 0.015202499955194071,
    "children": {
        "run_training.setup": {
            "total": 0.14080120000289753,
            "count": 1,
            "self": 0.14080120000289753
        },
        "TrainerController.start_learning": {
            "total": 3059.4148573000275,
            "count": 1,
            "self": 0.9039283976599108,
            "children": {
                "TrainerController._reset_env": {
                    "total": 14.804533199989237,
                    "count": 1,
                    "self": 14.804533199989237
                },
                "TrainerController.advance": {
                    "total": 3043.6304043023556,
                    "count": 27804,
                    "self": 0.8560724018025212,
                    "children": {
                        "env_step": {
                            "total": 326.8961259999487,
                            "count": 27804,
                            "self": 212.85993609842262,
                            "children": {
                                "SubprocessEnvManager._take_step": {
                                    "total": 113.54612730108784,
                                    "count": 27804,
                                    "self": 2.7620191995811183,
                                    "children": {
                                        "TorchPolicy.evaluate": {
                                            "total": 110.78410810150672,
                                            "count": 27804,
                                            "self": 110.78410810150672
                                        }
                                    }
                                },
                                "workers": {
                                    "total": 0.49006260043825023,
                                    "count": 27804,
                                    "self": 0.0,
                                    "children": {
                                        "worker_root": {
                                            "total": 3045.6873345981003,
                                            "count": 27804,
                                            "is_parallel": true,
                                            "self": 2891.0246608992747,
                                            "children": {
                                                "steps_from_proto": {
                                                    "total": 0.0009248999995179474,
                                                    "count": 1,
                                                    "is_parallel": true,
                                                    "self": 0.000255499966442585,