{
    "name": "root",
    "gauges": {
        "Paddle.Policy.Entropy.mean": {
            "value": 1.4049309492111206,
            "min": 1.4049309492111206,
            "max": 1.4049309492111206,
            "count": 1
        },
        "Paddle.Policy.Entropy.sum": {
            "value": 14120.9609375,
            "min": 14120.9609375,
            "max": 14120.9609375,
            "count": 1
        },
        "Paddle.Step.mean": {
            "value": 9987.0,
            "min": 9987.0,
            "max": 9987.0,
            "count": 1
        },
        "Paddle.Step.sum": {
            "value": 9987.0,
            "min": 9987.0,
            "max": 9987.0,
            "count": 1
        },
        "Paddle.Policy.ExtrinsicValueEstimate.mean": {
            "value": -0.0026202776934951544,
            "min": -0.0026202776934951544,
            "max": -0.0026202776934951544,
            "count": 1
        },
        "Paddle.Policy.ExtrinsicValueEstimate.sum": {
            "value": -0.5004730224609375,
            "min": -0.5004730224609375,
            "max": -0.5004730224609375,
            "count": 1
        },
        "Paddle.Losses.PolicyLoss.mean": {
            "value": 0.24339783644245305,
            "min": 0.24339783644245305,
            "max": 0.24339783644245305,
            "count": 1
        },
        "Paddle.Losses.PolicyLoss.sum": {
            "value": 18.741633406068885,
            "min": 18.741633406068885,
            "max": 18.741633406068885,
            "count": 1
        },
        "Paddle.Losses.ValueLoss.mean": {
            "value": 0.09857647009246624,
            "min": 0.09857647009246624,
            "max": 0.09857647009246624,
            "count": 1
        },
        "Paddle.Losses.ValueLoss.sum": {
            "value": 7.590388197119901,
            "min": 7.590388197119901,
            "max": 7.590388197119901,
            "count": 1
        },
        "Paddle.Policy.LearningRate.mean": {
            "value": 0.0002969926607427064,
            "min": 0.0002969926607427064,
            "max": 0.0002969926607427064,
            "count": 1
        },
        "Paddle.Policy.LearningRate.sum": {
            "value": 0.022868434877188395,
            "min": 0.022868434877188395,
            "max": 0.022868434877188395,
            "count": 1
        },
        "Paddle.Policy.Epsilon.mean": {
            "value": 0.19899755324675328,
            "min": 0.19899755324675328,
            "max": 0.19899755324675328,
            "count": 1
        },
        "Paddle.Policy.Epsilon.sum": {
            "value": 15.322811600000001,
            "min": 15.322811600000001,
            "max": 15.322811600000001,
            "count": 1
        },
        "Paddle.Policy.Beta.mean": {
            "value": 0.0005000000000000001,
            "min": 0.0005000000000000001,
            "max": 0.0005000000000000001,
            "count": 1
        },
        "Paddle.Policy.Beta.sum": {
            "value": 0.038500000000000006,
            "min": 0.038500000000000006,
            "max": 0.038500000000000006,
            "count": 1
        },
        "Paddle.Environment.EpisodeLength.mean": {
            "value": 150.046875,
            "min": 150.046875,
            "max": 150.046875,
            "count": 1
        },
        "Paddle.Environment.EpisodeLength.sum": {
            "value": 9603.0,
            "min": 9603.0,
            "max": 9603.0,
            "count": 1
        },
        "Paddle.Environment.CumulativeReward.mean": {
            "value": 0.5004685851745307,
            "min": 0.5004685851745307,
            "max": 0.5004685851745307,
            "count": 1
        },
        "Paddle.Environment.CumulativeReward.sum": {
            "value": 32.02998945116997,
            "min": 32.02998945116997,
            "max": 32.02998945116997,
            "count": 1
        },
        "Paddle.Policy.ExtrinsicReward.mean": {
            "value": 0.5004685851745307,
            "min": 0.5004685851745307,
            "max": 0.5004685851745307,
            "count": 1
        },
        "Paddle.Policy.ExtrinsicReward.sum": {
            "value": 32.02998945116997,
            "min": 32.02998945116997,
            "max": 32.02998945116997,
            "count": 1
        },
        "Paddle.IsTraining.mean": {
            "value": 1.0,
            "min": 1.0,
            "max": 1.0,
            "count": 1
        },
        "Paddle.IsTraining.sum": {
            "value": 1.0,
            "min": 1.0,
            "max": 1.0,
            "count": 1
        }
    },
    "metadata": {
        "timer_format_version": "0.1.0",
        "start_time_seconds": "1737140474",
        "python_version": "3.10.12 (main, Jul  5 2023, 15:02:25) [Clang 14.0.6 ]",
        "command_line_arguments": "/opt/anaconda3/envs/mlagents/bin/mlagents-learn Assets/agent-training-configs/config_v0.yaml --run-id=new_run_3 --train",
        "mlagents_version": "1.1.0",
        "mlagents_envs_version": "1.1.0",
        "communication_protocol_version": "1.5.0",
        "pytorch_version": "2.5.1",
        "numpy_version": "1.23.5",
        "end_time_seconds": "1737140590"
    },
    "total": 115.96526312548667,
    "count": 1,
    "self": 0.003985333256423473,
    "children": {
        "run_training.setup": {
            "total": 0.018143166787922382,
            "count": 1,
            "self": 0.018143166787922382
        },
        "TrainerController.start_learning": {
            "total": 115.94313462544233,
            "count": 1,
            "self": 0.10461660847067833,
            "children": {
                "TrainerController._reset_env": {
                    "total": 8.70783375017345,
                    "count": 1,
                    "self": 8.70783375017345
                },
                "TrainerController.advance": {
                    "total": 106.99893868435174,
                    "count": 17184,
                    "self": 0.10507770534604788,
                    "children": {
                        "env_step": {
                            "total": 98.99966663960367,
                            "count": 17184,
                            "self": 95.42401451151818,
                            "children": {
                                "SubprocessEnvManager._take_step": {
                                    "total": 3.502633527852595,
                                    "count": 17184,
                                    "self": 0.26287273876369,
                                    "children": {
                                        "TorchPolicy.evaluate": {
                                            "total": 3.239760789088905,
                                            "count": 17184,
                                            "self": 3.239760789088905
                                        }
                                    }
                                },
                                "workers": {
                                    "total": 0.07301860023289919,
                                    "count": 17183,
                                    "self": 0.0,
                                    "children": {
                                        "worker_root": {
                                            "total": 44.99830637779087,
                                            "count": 17183,
                                            "is_parallel": true,
                                            "self": 17.41676496528089,
                                            "children": {
                                                "steps_from_proto": {
                                                    "total": 0.0008538328111171722,
                                                    "count": 1,
                                                    "is_parallel": true,
                                                    "self": 0.0001320410519838333,