{
    "name": "root",
    "gauges": {
        "Paddle.Policy.Entropy.mean": {
            "value": 0.8536333441734314,
            "min": 0.8509900569915771,
            "max": 1.4038634300231934,
            "count": 100
        },
        "Paddle.Policy.Entropy.sum": {
            "value": 8497.06640625,
            "min": 8140.9951171875,
            "max": 14833.220703125,
            "count": 100
        },
        "Paddle.Environment.LessonNumber.stage.mean": {
            "value": 2.0,
            "min": 0.0,
            "max": 2.0,
            "count": 100
        },
        "Paddle.Environment.LessonNumber.stage.sum": {
            "value": 2.0,
            "min": 0.0,
            "max": 2.0,
            "count": 100
        },
        "Paddle.Environment.EpisodeLength.mean": {
            "value": 2839.75,
            "min": 21.96559633027523,
            "max": 4284.2,
            "count": 99
        },
        "Paddle.Environment.EpisodeLength.sum": {
            "value": 11359.0,
            "min": 1712.0,
            "max": 21421.0,
            "count": 99
        },
        "Paddle.Step.mean": {
            "value": 999941.0,
            "min": 9983.0,
            "max": 999941.0,
            "count": 100
        },
        "Paddle.Step.sum": {
            "value": 999941.0,
            "min": 9983.0,
            "max": 999941.0,
            "count": 100
        },
        "Paddle.Policy.ExtrinsicValueEstimate.mean": {
            "value": 9.322410583496094,
            "min": -0.8090776205062866,
            "max": 10.421331405639648,
            "count": 100
        },
        "Paddle.Policy.ExtrinsicValueEstimate.sum": {
            "value": 736.470458984375,
            "min": -296.1224060058594,
            "max": 827.2135009765625,
            "count": 100
        },
        "Paddle.Environment.CumulativeReward.mean": {
            "value": 210.1250000987202,
            "min": -0.9581609162105911,
            "max": 219.87499867379665,
            "count": 99
        },
        "Paddle.Environment.CumulativeReward.sum": {
            "value": 840.5000003948808,
            "min": -416.79999855160713,
            "max": 1544.4999950900674,
            "count": 99
        },
        "Paddle.Policy.ExtrinsicReward.mean": {
            "value": 210.1250000987202,
            "min": -0.9581609162105911,
            "max": 219.87499867379665,
            "count": 99
        },
        "Paddle.Policy.ExtrinsicReward.sum": {
            "value": 840.5000003948808,
            "min": -416.79999855160713,
            "max": 1544.4999950900674,
            "count": 99
        },
        "Paddle.Losses.PolicyLoss.mean": {
            "value": 0.0979061740659973,
            "min": 0.0911662196052167,
            "max": 0.10732167726908315,
            "count": 100
        },
        "Paddle.Losses.PolicyLoss.sum": {
            "value": 0.3916246962639892,
            "min": 0.3646648784208668,
            "max": 0.5342478314067726,
            "count": 100
        },
        "Paddle.Losses.ValueLoss.mean": {
            "value": 7.203372693393186,
            "min": 0.03488262596074492,
            "max": 11.970126365784207,
            "count": 100
        },
        "Paddle.Losses.ValueLoss.sum": {
            "value": 28.813490773572745,
            "min": 0.14251148584298787,
            "max": 47.88050546313683,
            "count": 100
        },
        "Paddle.Policy.LearningRate.mean": {
            "value": 2.026899493300006e-06,
            "min": 2.026899493300006e-06,
            "max": 0.00039793380051655,
            "count": 100
        },
        "Paddle.Policy.LearningRate.sum": {
            "value": 8.107597973200025e-06,
            "min": 8.107597973200025e-06,
            "max": 0.0019710648072338,
            "count": 100
        },
        "Paddle.Policy.Epsilon.mean": {
            "value": 0.10050670000000003,
            "min": 0.10050670000000003,
            "max": 0.19948345,
            "count": 100
        },
        "Paddle.Policy.Epsilon.sum": {
            "value": 0.40202680000000013,
            "min": 0.40202680000000013,
            "max": 0.9927662,
            "count": 100
        },
        "Paddle.Policy.Beta.mean": {
            "value": 0.0010000000000000002,
            "min": 0.0010000000000000002,
            "max": 0.0010000000000000005,
            "count": 100
        },
        "Paddle.Policy.Beta.sum": {
            "value": 0.004000000000000001,
            "min": 0.004000000000000001,
            "max": 0.005000000000000003,
            "count": 100
        },
        "Paddle.IsTraining.mean": {
            "value": 1.0,
            "min": 1.0,
            "max": 1.0,
            "count": 100
        },
        "Paddle.IsTraining.sum": {
            "value": 1.0,
            "min": 1.0,
            "max": 1.0,
            "count": 100
        }
    },
    "metadata": {
        "timer_format_version": "0.1.0",
        "start_time_seconds": "1740704761",
        "python_version": "3.10.12 (main, Jul  5 2023, 15:02:25) [Clang 14.0.6 ]",
        "command_line_arguments": "/opt/anaconda3/envs/mlagents/bin/mlagents-learn agent-training-configs/config_v0.yaml --run-id=new_model --train --force",
        "mlagents_version": "1.1.0",
        "mlagents_envs_version": "1.1.0",
        "communication_protocol_version": "1.5.0",
        "pytorch_version": "2.5.1",
        "numpy_version": "1.23.5",
        "end_time_seconds": "1740705399"
    },
    "total": 637.76995945815,
    "count": 1,
    "self": 0.0054351650178432465,
    "children": {
        "run_training.setup": {
            "total": 0.01828258391469717,
            "count": 1,
            "self": 0.01828258391469717
        },
        "TrainerController.start_learning": {
            "total": 637.7462417092174,
            "count": 1,
            "self": 1.1047661369666457,
            "children": {
                "TrainerController._reset_env": {
                    "total": 14.28050579316914,
                    "count": 3,
                    "self": 14.28050579316914
                },
                "TrainerController.advance": {
                    "total": 622.3440589876845,
                    "count": 58442,
                    "self": 0.9181759208440781,
                    "children": {
                        "env_step": {
                            "total": 488.964083308354,
                            "count": 58442,
                            "self": 469.56893066037446,
                            "children": {
                                "SubprocessEnvManager._take_step": {
                                    "total": 19.029446654953063,
                                    "count": 58442,
                                    "self": 1.5144847640767694,
                                    "children": {
                                        "TorchPolicy.evaluate": {
                                            "total": 17.514961890876293,
                                            "count": 55735,
                                            "self": 17.514961890876293
                                        }
                                    }
                                },
                                "workers": {
                                    "total": 0.365705993026495,
                                    "count": 58442,
                                    "self": 0.0,
                                    "children": {
                                        "worker_root": {
                                            "total": 623.3413025205955,
                                            "count": 58442,
                                            "is_parallel": true,
                                            "self": 189.84127090405673,