{
    "name": "root",
    "gauges": {
        "Paddle.Policy.Entropy.mean": {
            "value": 0.9431725740432739,
            "min": 0.9428973197937012,
            "max": 1.4135854244232178,
            "count": 100
        },
        "Paddle.Policy.Entropy.sum": {
            "value": 9235.5458984375,
            "min": 9165.07421875,
            "max": 14605.1650390625,
            "count": 100
        },
        "Paddle.Environment.LessonNumber.stage.mean": {
            "value": 2.0,
            "min": 0.0,
            "max": 2.0,
            "count": 100
        },
        "Paddle.Environment.LessonNumber.stage.sum": {
            "value": 2.0,
            "min": 0.0,
            "max": 2.0,
            "count": 100
        },
        "Paddle.Environment.EpisodeLength.mean": {
            "value": 3502.0,
            "min": 22.17824074074074,
            "max": 5353.5,
            "count": 99
        },
        "Paddle.Environment.EpisodeLength.sum": {
            "value": 3502.0,
            "min": 289.0,
            "max": 18580.0,
            "count": 99
        },
        "Paddle.Step.mean": {
            "value": 999899.0,
            "min": 9991.0,
            "max": 999899.0,
            "count": 100
        },
        "Paddle.Step.sum": {
            "value": 999899.0,
            "min": 9991.0,
            "max": 999899.0,
            "count": 100
        },
        "Paddle.Policy.ExtrinsicValueEstimate.mean": {
            "value": 6.202723979949951,
            "min": -0.8146222829818726,
            "max": 11.702449798583984,
            "count": 100
        },
        "Paddle.Policy.ExtrinsicValueEstimate.sum": {
            "value": 483.8124694824219,
            "min": -287.5616760253906,
            "max": 947.8984375,
            "count": 100
        },
        "Paddle.Environment.CumulativeReward.mean": {
            "value": 212.20000056922436,
            "min": -0.9587006918792105,
            "max": 228.89999586716294,
            "count": 99
        },
        "Paddle.Environment.CumulativeReward.sum": {
            "value": 212.20000056922436,
            "min": -413.1999981999397,
            "max": 1669.7999946177006,
            "count": 99
        },
        "Paddle.Policy.ExtrinsicReward.mean": {
            "value": 212.20000056922436,
            "min": -0.9587006918792105,
            "max": 228.89999586716294,
            "count": 99
        },
        "Paddle.Policy.ExtrinsicReward.sum": {
            "value": 212.20000056922436,
            "min": -413.1999981999397,
            "max": 1669.7999946177006,
            "count": 99
        },
        "Paddle.Losses.PolicyLoss.mean": {
            "value": 0.09864081151869447,
            "min": 0.09203734583314861,
            "max": 0.106705531118099,
            "count": 100
        },
        "Paddle.Losses.PolicyLoss.sum": {
            "value": 0.3945632460747779,
            "min": 0.37098046070622775,
            "max": 0.5278971739365564,
            "count": 100
        },
        "Paddle.Losses.ValueLoss.mean": {
            "value": 3.1668671271449242,
            "min": 0.033847476150064414,
            "max": 12.08353044310351,
            "count": 100
        },
        "Paddle.Losses.ValueLoss.sum": {
            "value": 12.667468508579697,
            "min": 0.13911764009390026,
            "max": 55.60632029122044,
            "count": 100
        },
        "Paddle.Policy.LearningRate.mean": {
            "value": 2.1153994711749983e-06,
            "min": 2.1153994711749983e-06,
            "max": 0.0003979412005147001,
            "count": 100
        },
        "Paddle.Policy.LearningRate.sum": {
            "value": 8.461597884699993e-06,
            "min": 8.461597884699993e-06,
            "max": 0.0019711536072116002,
            "count": 100
        },
        "Paddle.Policy.Epsilon.mean": {
            "value": 0.10052882500000002,
            "min": 0.10052882500000002,
            "max": 0.19948530000000003,
            "count": 100
        },
        "Paddle.Policy.Epsilon.sum": {
            "value": 0.40211530000000006,
            "min": 0.40211530000000006,
            "max": 0.9927884,
            "count": 100
        },
        "Paddle.Policy.Beta.mean": {
            "value": 0.0010000000000000005,
            "min": 0.0010000000000000002,
            "max": 0.0010000000000000005,
            "count": 100
        },
        "Paddle.Policy.Beta.sum": {
            "value": 0.004000000000000002,
            "min": 0.004000000000000001,
            "max": 0.005000000000000003,
            "count": 100
        },
        "Paddle.IsTraining.mean": {
            "value": 1.0,
            "min": 1.0,
            "max": 1.0,
            "count": 100
        },
        "Paddle.IsTraining.sum": {
            "value": 1.0,
            "min": 1.0,
            "max": 1.0,
            "count": 100
        }
    },
    "metadata": {
        "timer_format_version": "0.1.0",
        "start_time_seconds": "1744561827",
        "python_version": "3.10.12 (main, Jul  5 2023, 15:02:25) [Clang 14.0.6 ]",
        "command_line_arguments": "/opt/anaconda3/envs/mlagents/bin/mlagents-learn agent-training-configs/config_v0.yaml --run-id=new_model --train --force",
        "mlagents_version": "1.1.0",
        "mlagents_envs_version": "1.1.0",
        "communication_protocol_version": "1.5.0",
        "pytorch_version": "2.5.1",
        "numpy_version": "1.23.5",
        "end_time_seconds": "1744562458"
    },
    "total": 631.1491547920014,
    "count": 1,
    "self": 0.004638167010853067,
    "children": {
        "run_training.setup": {
            "total": 0.044082791995606385,
            "count": 1,
            "self": 0.044082791995606385
        },
        "TrainerController.start_learning": {
            "total": 631.1004338329949,
            "count": 1,
            "self": 0.93517305367277,
            "children": {
                "TrainerController._reset_env": {
                    "total": 7.719433206992107,
                    "count": 3,
                    "self": 7.719433206992107
                },
                "TrainerController.advance": {
                    "total": 622.4292521973257,
                    "count": 57928,
                    "self": 0.9041739842505194,
                    "children": {
                        "env_step": {
                            "total": 477.4821676590218,
                            "count": 57928,
                            "self": 456.9076390906266,
                            "children": {
                                "SubprocessEnvManager._take_step": {
                                    "total": 20.205296824526158,
                                    "count": 57928,
                                    "self": 1.5345460770186037,
                                    "children": {
                                        "TorchPolicy.evaluate": {
                                            "total": 18.670750747507554,
                                            "count": 55720,
                                            "self": 18.670750747507554
                                        }
                                    }
                                },
                                "workers": {
                                    "total": 0.36923174386902247,
                                    "count": 57928,
                                    "self": 0.0,
                                    "children": {
                                        "worker_root": {
                                            "total": 623.6553033812088,
                                            "count": 57928,
                                            "is_parallel": true,
                                            "self": 203.9785242503276,