{"count":1,"self":149.119744,"total":151.5062685,"children":{"InitializeActuators":{"count":1,"self":0.00085779999999999993,"total":0.00085779999999999993,"children":null},"InitializeSensors":{"count":1,"self":0.0010268,"total":0.0010268,"children":null},"AgentSendState":{"count":5320,"self":0.034928299999999995,"total":0.09591609999999999,"children":{"CollectObservations":{"count":5320,"self":0.021216799999999997,"total":0.021216799999999997,"children":null},"WriteActionMask":{"count":5320,"self":0.0093109,"total":0.0093109,"children":null},"RequestDecision":{"count":5320,"self":0.030460099999999997,"total":0.030460099999999997,"children":null}}},"DecideAction":{"count":5320,"self":2.2574579999999997,"total":2.2574579999999997,"children":null},"AgentAct":{"count":5320,"self":0.0307394,"total":0.0307394,"children":null}},"gauges":{"Paddle.CumulativeReward":{"count":1,"max":34.84949,"min":34.84949,"runningAverage":34.84949,"value":34.84949,"weightedAverage":34.84949}},"metadata":{"timer_format_version":"0.1.0","start_time_seconds":"1737412520","unity_version":"6000.0.25f1","command_line_arguments":"C:\\Program Files\\Unity\\Hub\\Editor\\6000.0.25f1\\Editor\\Unity.exe -projectpath D:\\CS462 -useHub -hubIPC -cloudEnvironment production","communication_protocol_version":"1.5.0","com.unity.ml-agents_version":"3.0.0","scene_name":"SinglePlayerAI","end_time_seconds":"1737412672"}}