{"count":1,"self":31.239827199999997,"total":32.182938199999995,"children":{"InitializeActuators":{"count":2,"self":0.0025123999999999997,"total":0.0025123999999999997,"children":null},"InitializeSensors":{"count":2,"self":0.0015055,"total":0.0015055,"children":null},"AgentSendState":{"count":1254,"self":0.014966799999999999,"total":0.054837199999999996,"children":{"CollectObservations":{"count":1254,"self":0.0116318,"total":0.0116318,"children":null},"WriteActionMask":{"count":1254,"self":0.0036563,"total":0.0036563,"children":null},"RequestDecision":{"count":1254,"self":0.024582299999999998,"total":0.024582299999999998,"children":null}}},"DecideAction":{"count":1254,"self":0.86795729999999993,"total":0.86795729999999993,"children":null},"AgentAct":{"count":1254,"self":0.0162997,"total":0.0162997,"children":null}},"gauges":{},"metadata":{"timer_format_version":"0.1.0","start_time_seconds":"1737512611","unity_version":"6000.0.25f1","command_line_arguments":"C:\\Program Files\\Unity\\Hub\\Editor\\6000.0.25f1\\Editor\\Unity.exe -projectpath C:\\Users\\caden\\UnityProjects\\MLBreakout -useHub -hubIPC -cloudEnvironment production","communication_protocol_version":"1.5.0","com.unity.ml-agents_version":"3.0.0","scene_name":"SinglePlayerAI","end_time_seconds":"1737512643"}}