{"count":1,"self":29.7424704,"total":2782.9874572,"children":{"InitializeActuators":{"count":18,"self":0.002508,"total":0.002508,"children":null},"InitializeSensors":{"count":18,"self":0.0025111,"total":0.0025111,"children":null},"AgentSendState":{"count":26801,"self":1.2753299999999999,"total":9.9593972,"children":{"CollectObservations":{"count":482418,"self":2.9699496,"total":2.9699496,"children":null},"WriteActionMask":{"count":482418,"self":0.23737699999999998,"total":0.23737699999999998,"children":null},"RequestDecision":{"count":482418,"self":0.9886341,"total":5.4767405999999994,"children":{"AgentInfo.ToProto":{"count":482418,"self":0.8759013,"total":4.4881065,"children":{"GenerateSensorData":{"count":482418,"self":3.6122052,"total":3.6122052,"children":null}}}}}}},"DecideAction":{"count":26801,"self":2726.9459968,"total":2726.9459939999997,"children":null},"AgentAct":{"count":26801,"self":16.28444,"total":16.333072899999998,"children":{"AgentInfo.ToProto":{"count":2867,"self":0.010088699999999999,"total":0.048632499999999995,"children":{"GenerateSensorData":{"count":2867,"self":0.038543799999999996,"total":0.038543799999999996,"children":null}}}}}},"gauges":{"Paddle.CumulativeReward":{"count":2867,"max":49.9976158,"min":-0.32000035,"runningAverage":0.6528796,"value":0.259999156,"weightedAverage":1.2374537}},"metadata":{"timer_format_version":"0.1.0","start_time_seconds":"1737509781","unity_version":"6000.0.25f1","command_line_arguments":"C:\\Program Files\\Unity\\Hub\\Editor\\6000.0.25f1\\Editor\\Unity.exe -projectpath C:\\Users\\caden\\UnityProjects\\MLBreakout -useHub -hubIPC -cloudEnvironment production","communication_protocol_version":"1.5.0","com.unity.ml-agents_version":"3.0.0","scene_name":"SinglePlayerAITrainer","end_time_seconds":"1737512564"}}