{"count":1,"self":20.3528528,"total":523.95229269999993,"children":{"InitializeActuators":{"count":18,"self":0.00051059999999999994,"total":0.00051059999999999994,"children":null},"InitializeSensors":{"count":18,"self":0.0015023999999999999,"total":0.0015023999999999999,"children":null},"AgentSendState":{"count":27817,"self":0.53209359999999994,"total":2.8001142,"children":{"CollectObservations":{"count":500706,"self":0.48890259999999996,"total":0.48890259999999996,"children":null},"WriteActionMask":{"count":500706,"self":0.1065535,"total":0.1065535,"children":null},"RequestDecision":{"count":500706,"self":0.4959709,"total":1.6725645,"children":{"AgentInfo.ToProto":{"count":500706,"self":0.4456172,"total":1.1765936,"children":{"GenerateSensorData":{"count":500706,"self":0.7309764,"total":0.7309764,"children":null}}}}}}},"DecideAction":{"count":27817,"self":498.7813376,"total":498.78131529999996,"children":null},"AgentAct":{"count":27817,"self":2.0124836,"total":2.0149971,"children":{"AgentInfo.ToProto":{"count":477,"self":0.0025134,"total":0.0025134,"children":{"GenerateSensorData":{"count":477,"self":0,"total":0,"children":null}}}}}},"gauges":{"Paddle.CumulativeReward":{"count":477,"max":49.9976158,"min":-0.32000035,"runningAverage":8.82478,"value":49.9976158,"weightedAverage":41.5846939}},"metadata":{"timer_format_version":"0.1.0","start_time_seconds":"1737411767","unity_version":"6000.0.25f1","command_line_arguments":"C:\\Program Files\\Unity\\Hub\\Editor\\6000.0.25f1\\Editor\\Unity.exe -projectpath D:\\CS462 -useHub -hubIPC -cloudEnvironment production","communication_protocol_version":"1.5.0","com.unity.ml-agents_version":"3.0.0","scene_name":"SinglePlayerAITrainer","end_time_seconds":"1737412291"}}