{"count":1,"self":111.26501119999999,"total":112.12833599999999,"children":{"InitializeActuators":{"count":1,"self":0.00080499999999999994,"total":0.00080499999999999994,"children":null},"InitializeSensors":{"count":1,"self":0.000905,"total":0.000905,"children":null},"AgentSendState":{"count":5540,"self":0.028295999999999998,"total":0.076289,"children":{"CollectObservations":{"count":5540,"self":0.019206,"total":0.019206,"children":null},"WriteActionMask":{"count":5540,"self":0.0073339999999999994,"total":0.0073339999999999994,"children":null},"RequestDecision":{"count":5540,"self":0.021453,"total":0.021453,"children":null}}},"DecideAction":{"count":5540,"self":0.75902399999999992,"total":0.75902399999999992,"children":null},"AgentAct":{"count":5540,"self":0.025960999999999998,"total":0.025960999999999998,"children":null}},"gauges":{"Paddle.CumulativeReward":{"count":2,"max":49.9976158,"min":2.559997,"runningAverage":26.2788067,"value":49.9976158,"weightedAverage":14.4194021}},"metadata":{"timer_format_version":"0.1.0","start_time_seconds":"1737067917","unity_version":"6000.0.25f1","command_line_arguments":"\/Applications\/Unity\/Hub\/Editor\/6000.0.25f1\/Unity.app\/Contents\/MacOS\/Unity -projectpath \/Users\/jlabarba\/code\/capstone-project\/MLBreakout -useHub -hubIPC -cloudEnvironment production","communication_protocol_version":"1.5.0","com.unity.ml-agents_version":"3.0.0","scene_name":"SinglePlayerAI","end_time_seconds":"1737068029"}}