{"count":1,"self":8.7512232,"total":8.781736,"children":{"InitializeActuators":{"count":1,"self":0.000808,"total":0.000808,"children":null},"InitializeSensors":{"count":1,"self":0.00078699999999999994,"total":0.00078699999999999994,"children":null},"AgentSendState":{"count":277,"self":0.0013419999999999999,"total":0.00839,"children":{"CollectObservations":{"count":56,"self":0.00062999999999999992,"total":0.00062999999999999992,"children":null},"WriteActionMask":{"count":56,"self":0.00016199999999999998,"total":0.00016199999999999998,"children":null},"RequestDecision":{"count":56,"self":0.0062559999999999994,"total":0.0062559999999999994,"children":null}}},"DecideAction":{"count":277,"self":0.018652,"total":0.018652,"children":null},"AgentAct":{"count":277,"self":0.0018319999999999999,"total":0.0018319999999999999,"children":null}},"gauges":{},"metadata":{"timer_format_version":"0.1.0","start_time_seconds":"1733102636","unity_version":"6000.0.25f1","command_line_arguments":"\/Applications\/Unity\/Hub\/Editor\/6000.0.25f1\/Unity.app\/Contents\/MacOS\/Unity -projectpath \/Users\/jlabarba\/code\/capstone-project\/MLBreakout -useHub -hubIPC -cloudEnvironment production","communication_protocol_version":"1.5.0","com.unity.ml-agents_version":"3.0.0","scene_name":"TitleSreen","end_time_seconds":"1733102645"}}