{
    "name": "root",
    "metadata": {
        "timer_format_version": "0.1.0",
        "start_time_seconds": "1737140076",
        "python_version": "3.10.12 (main, Jul  5 2023, 15:02:25) [Clang 14.0.6 ]",
        "command_line_arguments": "/opt/anaconda3/envs/mlagents/bin/mlagents-learn Assets/agent-training-configs/config_v0.yaml --run-id=new_run_1 --train",
        "mlagents_version": "1.1.0",
        "mlagents_envs_version": "1.1.0",
        "communication_protocol_version": "1.5.0",
        "pytorch_version": "2.5.1",
        "numpy_version": "1.23.5",
        "end_time_seconds": "1737140158"
    },
    "total": 81.83138279058039,
    "count": 1,
    "self": 0.003061749041080475,
    "children": {
        "run_training.setup": {
            "total": 0.041891833767294884,
            "count": 1,
            "self": 0.041891833767294884
        },
        "TrainerController.start_learning": {
            "total": 81.78642920777202,
            "count": 1,
            "self": 0.01494576409459114,
            "children": {
                "TrainerController._reset_env": {
                    "total": 10.598022500053048,
                    "count": 1,
                    "self": 10.598022500053048
                },
                "TrainerController.advance": {
                    "total": 70.90021656826138,
                    "count": 1451,
                    "self": 0.012183166109025478,
                    "children": {
                        "env_step": {
                            "total": 69.65011887531728,
                            "count": 1451,
                            "self": 69.33861109055579,
                            "children": {
                                "SubprocessEnvManager._take_step": {
                                    "total": 0.3038814617320895,
                                    "count": 1451,
                                    "self": 0.02246613334864378,
                                    "children": {
                                        "TorchPolicy.evaluate": {
                                            "total": 0.28141532838344574,
                                            "count": 1451,
                                            "self": 0.28141532838344574
                                        }
                                    }
                                },
                                "workers": {
                                    "total": 0.007626323029398918,
                                    "count": 1450,
                                    "self": 0.0,
                                    "children": {
                                        "worker_root": {
                                            "total": 9.445614585652947,
                                            "count": 1450,
                                            "is_parallel": true,
                                            "self": 3.127819113433361,
                                            "children": {
                                                "steps_from_proto": {
                                                    "total": 0.0009841248393058777,
                                                    "count": 1,
                                                    "is_parallel": true,
                                                    "self": 0.00018108263611793518,
                                                    "children": {
                                                        "_process_rank_one_or_two_observation": {
                                                            "total": 0.0008030422031879425,
                                                            "count": 2,
                                                            "is_parallel": true,
                                                            "self": 0.0008030422031879425
                                                        }
                                                    }
                                                },
                                                "UnityEnvironment.step": {
                                                    "total": 6.3168113473802805,
                                                    "count": 1450,
                                                    "is_parallel": true,
                                                    "self": 0.03502717241644859,
                                                    "children": {
                                                        "UnityEnvironment._generate_step_input": {
                                                            "total": 0.07876390777528286,
                                                            "count": 1450,
                                                            "is_parallel": true,
                                                            "self": 0.07876390777528286
                                                        },
                                                        "communicator.exchange": {
                                                            "total": 6.080173058435321,
                                                            "count": 1450,
                                                            "is_parallel": true,
                                                            "self": 6.080173058435321
                                                        },
                                                        "steps_from_proto": {
                                                            "total": 0.12284720875322819,
                                                            "count": 1450,
                                                            "is_parallel": true,
                                                            "self": 0.05312374420464039,
                                                            "children": {
                                                                "_process_rank_one_or_two_observation": {
                                                                    "total": 0.0697234645485878,
                                                                    "count": 2900,
                                                                    "is_parallel": true,
                                                                    "self": 0.0697234645485878
                                                                }
                                                            }
                                                        }
                                                    }
                                                }
                                            }
                                        }
                                    }
                                }
                            }
                        },
                        "trainer_advance": {
                            "total": 1.237914526835084,
                            "count": 1450,
                            "self": 0.009171893820166588,
                            "children": {
                                "process_trajectory": {
                                    "total": 0.6393928406760097,
                                    "count": 1450,
                                    "self": 0.6393928406760097
                                },
                                "_update_policy": {
                                    "total": 0.5893497923389077,
                                    "count": 14,
                                    "self": 0.08281991351395845,
                                    "children": {
                                        "TorchPPOOptimizer.update": {
                                            "total": 0.5065298788249493,
                                            "count": 420,